a,b,sum,carry, OF
 5599221927511852972, -9073391711843153140, -3474169784331300168, 0, 0
  125843118319673708, -7029686126400350234, -6903843008080676526, 0, 1
-6626586882120967886,  3892734086233570300, -2733852795887397586, 0, 1
-7567988178298816346, -7189453062790077394,  3689302832620657876, 1, 1
  592745535363237000, -4295411505309829984, -3702665969946592984, 0, 1
 6778898353225019333, -1396929036405534772,  5381969316819484562, 1, 0
  290312938777992501, -1693503905809697010, -1403190967031704508, 0, 0
 8575157146419222516, -7446083003105828759,  1129074143313393758, 1, 0
 7805619934991066976, -2329683517538619121,  5475936417452447856, 1, 1
-8457326708746248500,  8933545440415771134,   476218731669522634, 1, 0
-8384498550222719207, -8225720462311965122,  1836525061174867288, 1, 1
 5016413531290329547,  1620835055772151393,  6637248587062480939, 0, 1
-2396720075021124139,  6565060624351548898,  4168340549330424760, 1, 0
 8756096006914685648,  6301982416632616723, -3388665650162249244, 0, 0
-1470614879829494579,  7804960753217598729,  6334345873388104149, 1, 1
 8101314306412321434,  1696026836459731456, -8649402930837498726, 0, 0
 4547028640344879775,  5779657945713253054, -8120057487651418786, 0, 1
  -33533027650960088, -8632004510834332950, -8665537538485293038, 1, 0
   23096905326066765,  2999616570516881122,  3022713475842947888, 0, 1
-6892050368127303954, -7633741690204480755,  3920952015377766908, 1, 1
-6397533401812556077, -3133095051764846338,  8916115620132149202, 1, 0
 -983611311585121236,  3302033551291320904,  2318422239706199668, 1, 1
 -805828812241324012,  4736977790225120819,  3931148977983796808, 1, 1
 1650135588792804994, -8419705584332514078, -6769569995539709084, 0, 1
-1904179175795330685,  3071518122021549527,  1167338946226218841, 1, 0
-8433565248075562662, -4090755593447856424,  5922423232186132530, 1, 0
 -320229163522459137,  4466698140372028545,  4146468976849569407, 1, 0
-8365352515154385149, -1769744562461170822,  8311646996093995646, 1, 1
 8029209101778457407, -1006764421977267873,  7022444679801189533, 1, 1
-7879697700913105533,  4349686864040919313, -3530010836872186221, 0, 0
-9178873047882275028,  6373368831946348467, -2805504215935926560, 0, 0
-1040351340750794157,  6979047705648197226,  5938696364897403070, 1, 1
-7951068199080547545,   126450605476960587, -7824617593603586959, 0, 0
  508134022164865434, -6778824846222629381, -6270690824057763946, 0, 1
 7445457076962022293,   526114371417462296,  7971571448379484590, 0, 0
 7305544011324269284,  7582579546691878039, -3558620515693404292, 0, 1
 1541735455966452900,  6635438977702751350,  8177174433669204250, 0, 1
 2854214096686148420,  8665504473906395854, -6927025503117007342, 0, 1
 -390946583210668124, -7330767894173261531, -7721714477383929654, 1, 1
-5952159258982133892,  7568652153372798727,  1616492894390664836, 1, 1
 8145744869005091707,  4461747306444515747, -5839251898259944163, 0, 1
 5838672863886387925, -5767041004222008892,    71631859664379034, 1, 0
 5960862500006112157, -7385299919714859628, -1424437419708747470, 0, 1
 4267292917629836517, -6516967423072778865, -2249674505442942349, 0, 1
 4137580239285775024, -5149329293057986514, -1011749053772211490, 0, 0
 2643023670507015526,  7919885665873411609, -7883834737329124480, 0, 0
-5538938435248079156, -3453923133049803546, -8992861568297882702, 1, 0
 8910022516601562726,  5594503716843436989, -3942217840264551900, 0, 1
 6909142613382597738, -1218515048110619699,  5690627565271978040, 1, 0
-2386127518659592150, -6846767655301744517,  9213848899748214950, 1, 1
-6815849060657679249, -1228202050904613620, -8044051111562292868, 1, 1
 5714779459212850260,  7190423059372391560, -5541541555124309796, 0, 0
-7255729558549911617,  7987520561947225693,   731791003397314075, 1, 0
  948429068982750254,  4005140714472405259,  4953569783455155514, 0, 0
 7796570658536682580,  6990487115605157645, -3659686299567711390, 0, 0
 -637888390100998310, -3077813523392619824, -3715701913493618134, 1, 0
 4238264959324070591,   -37965819277855933,  4200299140046214657, 1, 0
 6269537513499946930,  4134729987642894407, -8042476572566710278, 0, 0
 8834074481322271560, -3518289805054397606,  5315784676267873954, 1, 1
-6310058247795273022,  3512022914817055364, -2798035332978217658, 0, 1
 7289839610128698002,  4762495609653693642, -6394408853927159972, 0, 1
-5766864379392692915,  5553070326130275748,  -213794053262417166, 0, 0
 8338095794085366770, -5954190803751878943,  2383904990333487828, 1, 0
-6687412454855600462, -8619334172319419082,  3139997446534532072, 1, 1
 3893242104366499047, -9165869667202848176, -5272627562836349128, 0, 1
 8719075204911463153, -8507833250647803401,   211241954263659751, 1, 0
-7926563180461026709, -1317678225756220373,  9202502667492304533, 1, 1
 8530703474273415522,  8886787539172512471, -1029253060263623622, 0, 1
 -707292090388796837,  -597562586826919610, -1304854677215716446, 1, 1
-5568953431868867803, -4278512197784715079,  8599278444055968733, 1, 1
 7162696349164539316, -8616280970915535594, -1453584621750996278, 0, 0
 2262954627082897455,  -952108641040262449,  1310845986042635005, 1, 1
 9163926912051408919, -5587910976516935099,  3576015935534473819, 1, 1
-1039504208308413341, -3484959141908494153, -4524463350216907495, 1, 0
-1291381655351215929, -7010161366924896408, -8301543022276112336, 1, 0
-7904793985155824385, -5050153574774556194,  5491796513779171038, 1, 0
 4006160316257963978, -8222299613140769351, -4216139296882805372, 0, 1
-7446065508060833246, -6309413587358137169,  4691264978290581202, 1, 1
 1262419794867128548, -4276614964675721420, -3014195169808592872, 0, 1
 1751456881694440961, -7274339214520866937, -5522882332826425977, 0, 0
-4085388555879664056,  8450845718521114532,  4365457162641450476, 1, 1
 4216248319607783962, -7590471841133101065, -3374223521525317102, 0, 1
 8533299366624320697,  8027181867091708274, -1886262839993522644, 0, 1
 6576697536743217414,  6545933559562767488, -5324112977403566714, 0, 0
 6781426785887839639,   238407136350082993,  7019833922237922631, 0, 1
-2693901759088158434, -6577229211369974689,  9175613103251418494, 1, 1
 -211816726161178383, -4416046730106523072, -4627863456267701454, 1, 0
  744057974788159557,  3220675450320581175,  3964733425108740731, 0, 0
 9015983165379053728,  2112882073917560644, -7317878834412937244, 0, 0
-8158065906043417836, -1789069408030687465,  8499608759635446316, 1, 1
  383055310195961177,  -495070620188503203,  -112015309992542027, 0, 0
 7687556311610769876,   -77202853514632489,  7610353458096137388, 1, 0
 -112403483484376159, -6426219444353793776, -6538622927838169934, 1, 1
-2726192894151558144,  3633604397126517419,   907411502974959276, 1, 1
 2432248309655379617,  1462387551669124485,  3894635861324504101, 0, 1
 8117086711331535833, -7220054846226708130,   897031865104827704, 1, 0
-2315347405599032881, -5867863910359211558, -8183211315958244438, 1, 0
 2825914046407054633,  1851752032326851072,  4677666078733905706, 0, 0
-6237299360291849304,  3905821927579375032, -2331477432712474272, 0, 1
 2333485990445799260, -9044627570319684964, -6711141579873885704, 0, 0
 1799919859778032655, -8891923922670447178, -7092004062892414522, 0, 0
-2457246499902826170,  3985259948272440346,  1528013448369614176, 1, 1
  818893172777320831,  2423818169767853827,  3242711342545174657, 0, 0
  864337286297994358, -8091068663498576611, -7226731377200582252, 0, 0
 8531051160075798563, -6385772176720385167,  2145278983355413395, 1, 1
-1409713208221841321,  7617093056574369491,  6207379848352528169, 1, 0
-4017138349483852795, -8939599338766473322,  5490006385459225500, 1, 1
-8853505449226503787,  2206515053695753064, -6646990395530750722, 0, 0
 4314494103137216457,  -725645920376201718,  3588848182761014740, 1, 1
 5540353769901191608,  6358677148316200253, -6547713155492159754, 0, 0
-5016909398242867218, -5009839040939351244,  8419995634527333154, 1, 0
 8345881517115067506,   382607450714723168,  8728488967829790674, 0, 0
 -574995337915262947, -3842926097570983191, -4417921435486246139, 1, 0
-3489893239915534920,  8648681654181034987,  5158788414265500068, 1, 0
 6471176958025481306,  6084824854556974980, -5890742261127095330, 0, 0
 -425887340308326840,  6942707179982807808,  6516819839674480968, 1, 1
-8662111769287919167, -8749096620928333422,  1035535683493299028, 1, 0
-6988264116314976835, -1985958544537700829, -8974222660852677665, 1, 1
 6129909720897268353,  6633833414352924018, -5683000938459359244, 0, 0
 6723550814019034978,  2950654430716185580, -8772538828974331058, 0, 1
 6647510423368806373,  5704442870987262752, -6094790779353482490, 0, 1
  282544591555605642, -8304547994470863468, -8022003402915257826, 0, 1
 7528067868072734529,  4395966877659760915, -6522709327977056173, 0, 0
 5351247057272803721,  -219499273512881426,  5131747783759922296, 1, 0
-6919532060470875258,  6508602873738272140,  -410929186732603118, 0, 1
 2917149809422391764,  9204470314989965397, -6325123949297194454, 0, 1
-3137091962089575286,  6855016823129791554,  3717924861040216268, 1, 1
 -246851826206799052,  7406543434817331687,  7159691608610532636, 1, 0
-2621267972981203723,  4951573665182363644,  2330305692201159922, 1, 0
-6067115272846651878,  6982102946174737878,   914987673328086000, 1, 1
-8060366874062312540,  -688729053275174085, -8749095927337486624, 1, 1
-5628079961872236166,  8825923690017524054,  3197843728145287888, 1, 1
 1599943223397786290, -7889044043089268377, -6289100819691482086, 0, 1
-5636400626460622924,  1943243305826297075, -3693157320634325848, 0, 1
-3371569370708916184,  1179285147392821846, -2192284223316094338, 0, 0
-4363746415012493924, -2029622618012604500, -6393369033025098424, 1, 0
 1788383771996546784,  6675982753196639811,  8464366525193186596, 0, 1
-1982591943019212063, -8787550022613560008,  7676602108076779546, 1, 0
 -890218766641702809,  5257832702547293605,  4367613935905590795, 1, 0
 5785181496982417827,  6040815099718229315, -6620747477008904475, 0, 0
 4781888999353752466,  6274118193166079596, -7390736881189719554, 0, 0
 7673540953670151460,   163143140257471818,  7836684093927623278, 0, 0
 3094555051400740999,  1637477871578921269,  4732032922979662267, 0, 0
-5048695002948525464, -4281969165932202460,  9116079904828823692, 1, 1
 5237619560122580601, -4098410925661316177,  1139208634461264423, 1, 0
  182508943049381754,  4203008557973051743,  4385517501022433498, 0, 0
-2710605822329480426, -5978608711670002161, -8689214533999482586, 1, 1
-2296680730491138245,  -758564511049818350, -3055245241540956594, 1, 1
-8816771296227887846,  3476698358387008402, -5340072937840879444, 0, 0
-7967804632574327792,  4086576009279640399, -3881228623294687392, 0, 0
-1923555456168791393,  8846689731725571393,  6923134275556779999, 1, 1
 -509491550915713990,  8544246629349879867,  8034755078434165878, 1, 1
 4194115558563370138, -6742202317196833755, -2548086758633463616, 0, 0
 1455044463595001978, -1495184219704327859,   -40139756109325880, 0, 0
-7138637764571973903,  2141129573436380672, -4997508191135593230, 0, 0
 4735427883456944171,  6807492117484349989, -6903824072768257457, 0, 0
-8297276190861705157,  4076463507034792240, -4220812683826912916, 0, 0
-2037385669166870472,  3351109022536281670,  1313723353369411198, 1, 1
 2790132534028478860, -1702349955069379335,  1087782578959099526, 1, 0
-5948594702426347711,  -260832556842157694, -6209427259268505404, 1, 1
 3341695706333251304, -9216927306675395285, -5875231600342143980, 0, 1
 4728183419013217065,  6731341437260808712, -6987219217435525838, 0, 0
 1596887168224310089,   417689964541207257,  2014577132765517345, 0, 1
 1413762954249691536, -1296312289413111576,   117450664836579960, 1, 0
 7211944393904702811, -7313590257225140129,  -101645863320437319, 0, 0
-5921268540210684752, -7988678388620043920,  4536797144878822944, 1, 0
-7495773448130646194,  5070773443877614773, -2425000004253031420, 0, 1
 8414732564759594875,  6589498388047073932, -3442513120902882808, 0, 1
 7394967475613721218,  1068444613920370015,  8463412089534091234, 0, 0
 2408473284348918729, -4518654658461767742, -2110181374112849012, 0, 1
 1648559816137469443,  7016057952031012781,  8664617768168482223, 0, 0
-6199949358767468112, -4924405635496226076,  7322389079445857428, 1, 0
 3502469614332576126, -7150913321770824925, -3648443707438248798, 0, 0
-5562961411668983946, -8171161551368829980,  4712621110671737690, 1, 0
-2208921609778702394,  1595006087527818717,  -613915522250883676, 0, 1
 4070671681169862944,  6416702717914218342, -7959369674625470330, 0, 0
-6890838674334252191, -1155434380248455822, -8046273054582708012, 1, 1
-6504487425048985538,  -644014037852099286, -7148501462901084824, 1, 1
 4431665120158562905,  8538197010630021276, -5476881942920967434, 0, 0
 6006623468393946058, -2718769740776834386,  3287853727617111672, 1, 0
 4765885012792048290,  4586421410478029658, -9094437650439473668, 0, 0
-7829917923791059488, -7107771688129375490,  3509054461789116638, 1, 0
-5595186958130495050,  1113280797883520053, -4481906160246974996, 0, 0
-2175590252804086415,  -240259237043473239, -2415849489847559655, 1, 0
-2412541986440881078,  7698595875410516944,  5286053888969635866, 1, 0
 -741035488564604095,  4518299650332825769,  3777264161768221673, 1, 1
-7793450099634144433, -4042945654761763063,  6610348319313644119, 1, 1
 4865609926133095086,  2873208530239942819,  7738818456373037906, 0, 1
-3145954933537851437, -5615829776132582096, -8761784709670433532, 1, 0
  -63566772783624883,  7109568255813754581,  7046001483030129697, 1, 0
 -178261978143301967,  2566759521676904779,  2388497543533602811, 1, 1
-5354933876210937023,  -714590249916822915, -6069524126127759939, 1, 1
 2583868074628639716, -3240866649601670320,  -656998574973030604, 0, 1
 7701850048359035232,  3670708648649768222, -7074185376700748162, 0, 0
 1909412735828891252, -8958816258008897136, -7049403522180005884, 0, 1
 2015669775480937234, -4230617939863287182, -2214948164382349948, 0, 0
-4254275357477779809, -9093672534700133031,  5098796181531638775, 1, 1
-3126725999879102504,  6077252973351313399,  2950526973472210896, 1, 0
-1895382705383207879,   569707070885383544, -1325675634497824334, 0, 0
 1901384613167011887,  8273248178331175696, -8272111282211364032, 0, 0
 2078948419885665532,  5502859595967247290,  7581808015852912822, 0, 1
 1097965373362184150, -2304855382315205505, -1206890008953021354, 0, 1
 -998525441645594862, -8509328755271450056,  8938889876792506698, 1, 1
 6695841463746080255,  3538674199257254711, -8212228410706216651, 0, 1
-5159076378039626734,  -272284914038094262, -5431361292077720996, 1, 1
  290394676418383645, -4683550479335858849, -4393155802917475205, 0, 0
 6706719726660604199,  3961439101092508553, -7778585245956438865, 0, 0
 5875027599019537277, -7548860498939323475, -1673832899919786199, 0, 1
-7953007242656803656,  5199103333983582175, -2753903908673221480, 0, 1
 3598286275300261956,  3294845053905274865,  6893131329205536822, 0, 1
 6451676350548604088, -9146635523445992318, -2694959172897388230, 0, 1
 -880702070047010949, -7442968733763892365, -8323670803810903315, 1, 1
 4431787183339578448, -1646665860596597973,  2785121322742980476, 1, 1
-3266714066946699053,  4882901422412927603,  1616187355466228549, 1, 0
-5441517265935394240, -7872867665755229334,  5132359142018928042, 1, 1
 7211392450993342519, -5913598157519829054,  1297794293473513466, 1, 1
 4138981247468602798, -4732104960610158098,  -593123713141555300, 0, 1
 4049315762301466853, -8161200399650065646, -4111884637348598792, 0, 0
-6965468699193858847,  6717711416395867084,  -247757282797991762, 0, 1
 7940030719377733418, -3546931943693176003,  4393098775684557416, 1, 1
 4337445661893136742, -2451511040730532571,  1885934621162604172, 1, 1
-6523011041163790357,  7761249482825822941,  1238238441662032583, 1, 0
 1165964451569980013,  5857305876658829383,  7023270328228809395, 0, 0
-2843511997966350343, -4564865506242560492, -7408377504208910834, 1, 0
 8656410509924073908,  4402593517146070357, -5387740046639407350, 0, 1
 2530206813867962791, -4146237617254441870, -1616030803386479078, 0, 1
-1117101610790619958,   341900831991869079,  -775200778798750878, 0, 1
 4626561213614103103,  1242976384763903396,  5869537598378006500, 0, 0
 2974683091453563480, -8116124587107899124, -5141441495654335644, 0, 0
 4947001522910468656,  5602408392374931448, -7897334158424151512, 0, 1
-7909690184094452107, -6753292157131616878,  3783761732483482632, 1, 0
-6264886440499460914,  -739258824522604249, -7004145265022065162, 1, 1
-6825475857035840592,  3378416711909031699, -3447059145126808892, 0, 0
-3510263970520730670, -3083008843629961452, -6593272814150692122, 1, 1
 4897616711797245664,  1412923286305860952,  6310539998103106616, 0, 1
 7047202071394582657, -5100328138027348799,  1946873933367233857, 1, 0
-4258543309232370315, -9128916352179013458,  5059284412298167844, 1, 0
-2765367946413424638,  8880253541292040179,  6114885594878615542, 1, 1
 3108506991900733480, -7689159359259788749, -4580652367359055268, 0, 0
 8625647422428801919, -3051780755122893799,  5573866667305908119, 1, 1
-6649432747536646420,  6869005756576849628,   219573009040203208, 1, 0
  224959883787664456,  6467879041020026539,  6692838924807690996, 0, 0
 3696485514032648573,  3276564577355576537,  6973050091388225109, 0, 1
-6518000392526563322, -7266795968470231618,  4661947712712756676, 1, 1
 6998930740635559494,  -803823134850649054,  6195107605784910440, 1, 1
-4169740089997849140,  8798068332628252986,  4628328242630403846, 1, 0
 7517504532195213650, -7660985760923005344,  -143481228727791694, 0, 0
-8431716696716516752,  6149518764919839651, -2282197931796677100, 0, 1
 1473498067362439700,  -641644037964145122,   831854029398294578, 1, 1
-2468259106858029046, -7270012361669310844,  8708472605182211726, 1, 1
 6689940896216870353,    57522910861383843,  6747463807078254195, 0, 1
-5086654316291101284,  7397188741628329166,  2310534425337227882, 1, 0
-5162115080518915325, -6739004664949510863,  6545624328241125427, 1, 1
 6515908336312600121, -7422902436291887715,  -906994099979287595, 0, 0
 1823197532519013516, -2756917895112997917,  -933720362593984400, 0, 1
 6483782794833817541,  8066978003439092934, -3895983275436641140, 0, 1
-3388098624345258763, -3476071623891561054, -6864170248236819816, 1, 0
-3399639883882977487, -7241044537356437674,  7806059652470136456, 1, 1
-4632413741034752774, -5380476081503390335,  8433854251171408508, 1, 0
 5101125258080915380,  7024717838588121557, -6320900977040514678, 0, 1
 7011918523199095484,  7674499487637461731, -3760326062872994400, 0, 1
 2587968398052847487, -3518478093577667209,  -930509695524819723, 0, 0
 5202751479003169140,  4482725693650481394, -8761266901055901082, 0, 1
 -555876413379425090, -6404665476963851884, -6960541890343276974, 1, 0
 4264417508385920525,  6565129862207554876, -7617196703116076214, 0, 0
 7639731349228030042,  3088067349986100518, -7718945374495421056, 0, 0
-2554534591973320728, -7512126165663220999,  8380083316073009890, 1, 0
-4960945430234056348, -7461789457350517220,  6024009186124978048, 1, 1
-4301535952856451070, -8746250600816671283,  5398957520036429264, 1, 1
 8276778903586540135,  -469669146872767858,  7807109756713772278, 1, 1
  979494924224180082, -8762124820975865097, -7782629896751685014, 0, 1
-3363969026379459270,  9170571801518263899,  5806602775138804630, 1, 1
-5710554188179142668, -4694447095105650722,  8041742790424758226, 1, 0
 2500815882078454725,  3508107426242290112,  6008923308320744838, 0, 1
-1693021614498396234,  4127947155606249567,  2434925541107853334, 1, 0
  284722250467243531, -1187724609641278347,  -903002359174034817, 0, 0
-5737963953210277314,  4404677667367190707, -1333286285843086606, 0, 0
-8495260404578939880,  -611984082207096242, -9107244486786036122, 1, 1
 4163737213853092044, -7738581286562995096, -3574844072709903052, 0, 1
-8463977919119608565,   216796824212704180, -8247181094906904384, 0, 0
 4420359639715072678, -5874662724873159487, -1454303085158086808, 0, 1
-4598191881274330212,   485587508377657779, -4112604372896672432, 0, 1
 5870042728044797946,  -597870544276487523,  5272172183768310424, 1, 0
 5299670305864028521,   376696898269440519,  5676367204133469039, 0, 0
-8405968114169695962,  -404918199411203581, -8810886313580899542, 1, 1
 4213102989492704099, -7354248716658342552, -3141145727165638452, 0, 0
-6614763913445302523, -6958727530642085071,  4873252629622164021, 1, 1
 3632295591674555849,  1012094061912485933,  4644389653587041781, 0, 0
-3646967100891944736,  3610202679540587350,   -36764421351357386, 0, 1
  295722438467388314, -7511846009542652541, -7216123571075264226, 0, 1
 4111254361244212126,  -942367885739980224,  3168886475504231902, 1, 1
 6982994341542183893, -1617015717841755361,  5365978623700428531, 1, 1
-5363995474213189266,  2496542212558817797, -2867453261654371468, 0, 0
-9112200299893404016,  3715214068057247268, -5396986231836156748, 0, 0
-4484487234594872969, -8554788624537489607,  5407468214577189039, 1, 1
 5392485228544547718,  6552883489187762061, -6501375355977241836, 0, 1
 8099857894663327332, -5196863392934474715,  2902994501728852618, 1, 1
 9117268882788977419,  7899795439629296349, -1429679751291277849, 0, 0
 -541886820470639245, -4763796954911646716, -5305683775382285960, 1, 1
-4627982329972192767,  7596786472334334172,  2968804142362141406, 1, 1
 1898346180168102682, -7041550908479863884, -5143204728311761202, 0, 0
 5561482709590100662,  -620644778872560535,  4940837930717540128, 1, 0
 -215746691760331595, -6451946800005979003, -6667693491766310599, 1, 0
-6135972907417130732, -1418831750100288792, -7554804657517419524, 1, 1
 2379806969749322970,  5764712034986529812,  8144519004735852782, 0, 0
-3498751230870494020, -6939607465901944448,  8008385376937113148, 1, 0
-1487455866814883264, -8804575747845586754,  8154712459049081598, 1, 1
 8617176780018446178, -7458869898515218377,  1158306881503227802, 1, 1
-2350018545849529271, -6452464650274626618, -8802483196124155888, 1, 0
 4706359959592454572,  -777199251347083795,  3929160708245370778, 1, 0
-3071436730142217488, -5607587302102483415, -8679024032244700902, 1, 0
 6367682836845236258, -8591848888615321236, -2224166051770084978, 0, 0
 8555635846237030596,   -62497717879514791,  8493138128357515806, 1, 0
  141732845137224200,  2634853653436192683,  2776586498573416884, 0, 0
 7355656986968375131, -4093378952795192961,  3262278034173182169, 1, 1
-2206841416270030300, -4279929385962734864, -6486770802232765164, 1, 0
 1596039600969390471, -4230865085780046340, -2634825484810655868, 0, 1
-6260444103224374637,  -697283190479987600, -6957727293704362236, 1, 0
-4138012997039283930, -3144648556565398668, -7282661553604682598, 1, 1
 8735055330761243594,  -885933351550445909,  7849121979210797686, 1, 0
-7858848940922788358,  7920588674543631875,    61739733620843518, 1, 1
 -825042847919412677,  8424080224136447125,  7599037376217034447, 1, 1
 4036894687723632795,  7528664361327287530, -6881185024658631290, 0, 1
-7958084347552686295,  9221443684601711717,  1263359337049025421, 1, 1
 3235606384811158131, -2193150426281934286,  1042455958529223846, 1, 1
-7021703128777896832, -2641747589790126505,  8783293355141528280, 1, 1
 4660113176761783672,  5401317844103077650, -8385313052844690294, 0, 0
 7163808051786654507,  4374339502590793909, -6908596519332103201, 0, 0
-1792655772650128963,   298566485876682853, -1494089286773446111, 0, 1
 7376244146389157350, -2237678228809674469,  5138565917579482882, 1, 0
-5733446417664310283, -4867676910915670274,  7845620745129571060, 1, 0
   -3220151069313831, -1242344540040682379, -1245564691109996211, 1, 0
-6829958027245605925, -1461866193287798246, -8291824220533404170, 1, 1
 1717466935558921910,  3570108677077047780,  5287575612635969690, 0, 1
-3999334021550608789,   719443786059269025, -3279890235491339765, 0, 1
  818423751062414101, -5438387959171568895, -4619964208109154795, 0, 0
-6689991455350785774, -3115311363921168323,  8641441254437597520, 1, 1
-2981042845393057916,  2916507841259570291,   -64535004133487624, 0, 0
-7720513342334978748, -8581753677496976320,  2144477053877596548, 1, 1
-2230505630210113588, -5002545803414941972, -7233051433625055560, 1, 0
-3991230454239236425,  3753910579860683844,  -237319874378552580, 0, 0
 -576339937844889249,  1047731815806606920,   471391877961717672, 1, 1
-8195703849722245666,  5890707721768228764, -2304996127954016902, 0, 1
 -982049056853925308,   907610892740145962,   -74438164113779346, 0, 0
 7722878645745107645, -5670761424140884162,  2052117221604223484, 1, 1
-6999394452190968804,  9017276320639811633,  2017881868448842830, 1, 1
-8129507479482311003, -3605096774474202045,  6712139819753038567, 1, 1
 5919821213505832710, -6143471463296422585,  -223650249790589874, 0, 0
-3829826906296816371,  4727920265476985621,   898093359180169249, 1, 1
-3386652710402951212,  6692990013381983681,  3306337302979032470, 1, 0
 7514981863214040793,  5279406596077159285, -5652355614418351539, 0, 1
-3580964522476445932,  4485447781733713522,   904483259257267590, 1, 1
 7558550074027701365, -3945158878798175412,  3613391195229525954, 1, 1
 3022896743049559707, -1737196216955589090,  1285700526093970618, 1, 1
-8056698518455676448, -1813840610518877195,  8576204944734997974, 1, 0
-1548040941394349467,  6190053941970433855,  4642013000576084387, 1, 1
 8645689108882077238, -2801330880423410441,  5844358228458666798, 1, 0
-4826489842529374112,   894776075583214047, -3931713766946160064, 0, 1
-7880395837333524092,  2482851747316267168, -5397544090017256924, 0, 1
 5960133500518213229,  5626755216979156886, -6859855356212181500, 0, 1
-3484464729632447872,  3372575080638040673,  -111889648994407198, 0, 0
-3022123879835407776, -2396091772178868706, -5418215652014276482, 1, 1
 1969142091711213484, -3599182826107316875, -1630040734396103390, 0, 1
-8745470179216043008,  4249530689550941892, -4495939489665101116, 0, 0
-1976784043695059721, -5637280014353627062, -7614064058048686782, 1, 0
  889113550945730012,  2817385673582448694,  3706499224528178706, 0, 1
  412287001603402695,  5938896371340281283,  6351183372943683977, 0, 1
 8901407120933776971,  7992513418240635414, -1552823534535139230, 0, 0
 4712811152317364063, -3555626937785447084,  1157184214531916980, 1, 1
  954974931834428099,  5859459762679823680,  6814434694514251780, 0, 1
-6173254902049145975, -7501241334519795014,  4772247837140610628, 1, 0
  563066685582752495, -7506406955054502553, -6943340269471750059, 0, 1
-8340630454775687239,  5727220616620431154, -2613409838155256084, 0, 0
 6860732178871975555, -5740363575988539443,  1120368602883436111, 1, 0
 -610899172384038191, -8690641286213023900,  9145203615112489526, 1, 0
-1701853478155814260,  3068628693436731632,  1366775215280917372, 1, 0
  -84894192107665077,  -179287416467468002,  -264181608575133078, 1, 1
-1695865776263885239,  6832675962310918536,  5136810186047033298, 1, 1
   91481830147367287,  5036664163826101661,  5128145993973468947, 0, 1
-6745787169388071482,  2356566511331855716, -4389220658056215766, 0, 1
 5416155468854556487,  8063041005143554663, -4967547599711440467, 0, 0
 6313246495093008573,  3460209990654375833, -8673287587962167211, 0, 1
-7606542739318825753,  5437546286373431722, -2168996452945394030, 0, 1
 5284554888064558975, -6069711902037440515,  -785157013972881541, 0, 1
 -798659265678465474,  8040455165469802533,  7241795899791337060, 1, 1
-5360462105843226919, -6928449929309673277,  6157832038556651419, 1, 0
-1543758523880702319,  7358751126517832168,  5814992602637129850, 1, 0
 1277060530670171332, -3518961839302465863, -2241901308632294530, 0, 1
 8184364170550415897,  1949498605757725807, -8312881297401409913, 0, 0
 1904813634680841672,  7334452814980077996, -9207477624048631948, 0, 1
 5166065496237290772, -5584167211071591744,  -418101714834300972, 0, 0
 4359478271445217674,  5575921050192964241, -8511344752071369700, 0, 1
 -124659716738108069,  8714282176631777025,  8589622459893668955, 1, 1
-8185384531911144583, -6644401005421874629,  3616958536376532403, 1, 1
 7433751246498984379,  6628025103305420360, -4384967723905146876, 0, 1
 8882217496154189536,  5781499921168007250, -3783026656387354830, 0, 1
 6123264568455102147, -2936238653158603251,  3187025915296498895, 1, 1
-1133211782803976416,  2469261358762748507,  1336049575958772092, 1, 1
-3639320281453875406,  2678034872002694318,  -961285409451181088, 0, 0
  592776260151197411,  -880725918650895356,  -287949658499697944, 0, 0
 3988347153438340227,  7669412702740987786, -6788984217530223602, 0, 1
-3161354467980521751,  -176358541252829381, -3337713009233351133, 1, 0
 5385322412066173554,  5952322865178819648, -7109098796464558414, 0, 0
 3886077837972469192, -4049017109616524896,  -162939271644055704, 0, 1
 5991532003682335914,  2280380539206700158,  8271912542889036072, 0, 1
-3846158735321673061, -6084492576291316218,  8516092762096562338, 1, 1
-3868555578708114558, -7119506608604134837,  7458681886397302222, 1, 1
 1683666999029314666, -4646814812368182640, -2963147813338867974, 0, 0
 8376415113683347187,   410662861018152338,  8787077974701499526, 0, 1
 4527538211488810872,  4867818914292215315, -9051386947928525428, 0, 0
-4895929609266201490, -2415431481454357026, -7311361090720558516, 1, 0
    1693699535246450,  2592068319346176028,  2593762018881422478, 0, 0
-1229274940893594235, -1662094639115539936, -2891369580009134170, 1, 1
-6728731084523562236,  9166889820989869896,  2438158736466307660, 1, 1
-3889487079876498519, -5770518389216234904,  8786738604616818194, 1, 0
-1514731060224110352,  7845398570224913798,  6330667510000803446, 1, 0
-5209981776514334032,   289544814333286365, -4920436962181047666, 0, 1
 2493767907273644575,  1474201881231939762,  3967969788505584338, 0, 0
-8942099268628464378,  2779023112249001473, -6163076156379462904, 0, 0
-5345934932825767167,  5530371213844265539,   184436281018498371, 1, 1
-2339233383827529246,  6794293985413881622,  4455060601586352376, 1, 1
 4603587033248998890,  5814159878525816488, -8028997161934736238, 0, 1
 7257504124655091032, -1750423620919040499,  5507080503736050534, 1, 1
 1570161686032190129,  8621790199592082648, -8254792188085278838, 0, 1
-4808573067386457285, -6863299988282644593,  6774871018040449737, 1, 1
-7688553525641375281, -3343170553859491866,  7415019994208684470, 1, 0
  189872427595545610, -6680060936016598203, -6490188508421052592, 0, 0
 -995808632283933115, -8425952962648491201,  9024982478777127299, 1, 1
 4480954528899013829, -2263560820744265371,  2217393708154748457, 1, 0
-7014243668706503121, -7464947393735822558,  3967553011267225938, 1, 1
-3979441021631235843, -4753639408897939141, -8733080430529174985, 1, 0
 1358066160571106074,  7080719011134467365,  8438785171705573440, 0, 0
-2203154204253109537, -3712245809697508127, -5915400013950617665, 1, 0
 8947691589359780842, -5824998587880568917,  3122693001479211926, 1, 0
 4391874205305910395, -1615433545411631410,  2776440659894278986, 1, 0
-1138266230072755834,  2825231209549028012,  1686964979476272178, 1, 0
  661955298355112168, -4830615096760899213, -4168659798405787044, 0, 1
-7288236513438889108,   737363299159159152, -6550873214279729956, 0, 0
-4512903439851010055,  6746979396664203120,  2234075956813193066, 1, 0
 -692808210133112751, -5648238319529619026, -6341046529662731776, 1, 0
-1564226404175500759, -2137933877817360124, -3702160281992860882, 1, 1
-3488769138840075815,  6461497195369022190,  2972728056528946376, 1, 0
-6151102471751249212,  8249400811125843863,  2098298339374594652, 1, 0
-3524282682236397895, -8386208015766122668,  6536253375707031054, 1, 0
 6563810136954956811,  7371346632354525125, -4511587304400069681, 0, 0
 5524968048874725502, -6138917491405110754,  -613949442530385252, 0, 0
 3975856565559273950, -5992058124406342804, -2016201558847068854, 0, 1
 8214825206680363582, -4888937578628604130,  3325887628051759452, 1, 1
 1878251557392532820, -4612172507655481528, -2733920950262948708, 0, 0
-7201737568098153472,  7111665018708611334,   -90072549389542138, 0, 0
-3223121534626487861, -1524249642225466243, -4747371176851954105, 1, 0
-5415759519763764191,  3095071087365788415, -2320688432397975777, 0, 1
-4265988069140113008, -3345065206133952989, -7611053275274065996, 1, 1
 8276108618132405614, -6343653278027117901,  1932455340105287714, 1, 0
-5641027037525385471,  1822952017121547915, -3818075020403837557, 0, 0
 8092365071540245480,   772033328963151598,  8864398400503397078, 0, 1
 8581654588294005670, -3098649179751373870,  5483005408542631800, 1, 0
 -865434773076714488,  5887888527934573241,  5022453754857858754, 1, 1
 5592724197477283979, -4705418737982665848,   887305459494618132, 1, 0
 6748624485613505136, -3474146700488883248,  3274477785124621888, 1, 0
-4531019998303493037, -4711822263274979168,  9203901812131079412, 1, 1
-8534554223159583368, -4078449822150738570,  5833740028399229678, 1, 1
-1957444654085462646,  6567761361755393525,  4610316707669930880, 1, 0
 7067137442952525069,  -424369441213167372,  6642768001739357698, 1, 0
 5944546398103501670,  7491332230169835883, -5010865445436214062, 0, 0
 6499302309653577795, -5044107452804654176,  1455194856848923620, 1, 1
 7495952821728919633, -6080832874929208233,  1415119946799711399, 1, 1
-6411571323225330956, -8246392628291634494,  3788780122192586166, 1, 0
-4698854580796199338, -4270072492385980289, -8968927073182179626, 1, 1
-9095346695035368823,  8870740054590063519,  -224606640445305305, 0, 1
-4531425993504545890,   240904992087171914, -4290521001417373976, 0, 0
 7072127362119517810, -8332736686755500322, -1260609324635982512, 0, 1
 5811925829962314792, -1239827082118983401,  4572098747843331392, 1, 1
 5919427321198869569,   419169273917803596,  6338596595116673166, 0, 0
  348547945368087676,  1888001166017155668,  2236549111385243344, 0, 0
-1757648815611350654,  2125031615349850681,   367382799738500028, 1, 1
-5918002076084756933, -8635252003092349122,  3893489994532445562, 1, 1
-4160980775321712625,  6325367039931931928,  2164386264610219304, 1, 1
-1828193085527935540,  4516257473545318289,  2688064388017382750, 1, 0
-4681181869032284890, -2636554913197238456, -7317736782229523346, 1, 1
-5083121754590127405,  2627019985135217774, -2456101769454909630, 0, 1
-4831655628877321065,  2313401121370814482, -2518254507506506582, 0, 0
 6868534480839981100, -1261346118734783115,  5607188362105197986, 1, 1
 1042077087850022967, -5036204683284610732, -3994127595434587764, 0, 0
 4783043681111874020,  5506280524662143039, -8157419867935534556, 0, 1
 4139072039477881929,  1436497608527055564,  5575569648004937494, 0, 1
-8976001629291010126,  4567411590596689105, -4408590038694321020, 0, 1
-5163059892323358772,  1901579768826282663, -3261480123497076108, 0, 1
 3883249843134684954, -2986197199569489110,   897052643565195844, 1, 1
-8935550112378791685,  1743584409442195831, -7191965702936595855, 0, 1
 -344412357021841709, -7047718004204535997, -7392130361226377707, 1, 0
  909852276851739079, -2906829423892651127, -1996977147040912049, 0, 1
-8170865470582247684,  9198140724155674064,  1027275253573426380, 1, 0
-6340391807891757618, -2286053149935796329, -8626444957827553946, 1, 0
-5412716942372318160, -8608975328090578135,  4425051803246655322, 1, 1
 6564109048861754582, -9030939783989545603, -2466830735127791020, 0, 1
 6153163862389609426,  7247344062853081366, -5046236148466860824, 0, 0
 3303398178079105145, -5501846869422165485, -2198448691343060341, 0, 0
-2499939993452686332,  -961590516125075805, -3461530509577762136, 1, 1
 -328934335107614854, -4160267154943738819, -4489201490051353672, 1, 1
-2578813702118459377,  2791308242917927957,   212494540799468579, 1, 1
-8848694990896560352,  1768797097015433691, -7079897893881126660, 0, 0
-3183222641446598564,  1499372749352757073, -1683849892093841490, 0, 0
-2822479541875211651, -5650292216747161761, -8472771758622373413, 1, 1
 6830903736211777776,  5985060924929808137, -5630779412567965702, 0, 0
-6090075290508076478, -2083848231505012583, -8173923522013089060, 1, 1
 -331471758952360634, -8110268276411372846, -8441740035363733480, 1, 0
 8953293621394402407, -5834578442990062287,  3118715178404340119, 1, 1
-1863756299374050949,  7821426229610478699,  5957669930236427749, 1, 1
-2363546669590459336,  7098498696608486761,  4734952027018027426, 1, 1
  669995587174379069, -2195717928453241958, -1525722341278862888, 0, 0
 9113457830955203377, -2446967230008331694,  6666490600946871684, 1, 1
-6929964557134983413, -4208682711966007422,  7308096804608560782, 1, 1
-3120656792135646239, -2181899788214118383, -5302556580349764623, 1, 1
 4641218644065326076,  3126171402917798206,  7767390046983124282, 0, 1
-1194120614558441217,  3856218335190828472,  2662097720632387256, 1, 0
-8911677222412596900, -8684357737432157130,   850709113864797586, 1, 1
 6669970890662570793,  7999120278838197656, -3777652904208783166, 0, 0
-4123243103361631154, -2172655084164405615, -6295898187526036768, 1, 1
 6809734625022900656,  5686559603597943888, -5950449845088707072, 0, 1
 8646249654095314554, -1753174893759818064,  6893074760335496490, 1, 0
-2620829779312040505,  1219755350032322263, -1401074429279718243, 0, 1
 5549031456025379457,  5637382020653599906, -7260330597030572252, 0, 1
-7307953418617462931,  6191851304259271954, -1116102114358190976, 0, 0
 -158942599283220664, -5782884182214910145, -5941826781498130808, 1, 1
 8674634017346028750,  8938362499436055433,  -833747556927467432, 0, 1
 3593996915835667055,  3416091258824166732,  7010088174659833788, 0, 0
  327513992924917154,  7178639057409954555,  7506153050334871710, 0, 1
 -723974637181568477, -5491760098277317301, -6215734735458885779, 1, 1
 6292583692144083408,  2942615312400527717, -9211545069164940490, 0, 1
 4807917365437665061,  2594950730328247234,  7402868095765912296, 0, 0
 4096754844317924001, -5833697724306841793, -1736942879988917793, 0, 0
 -839288586196831545,  3231085994501720683,  2391797408304889137, 1, 0
-8240296480935904563,  -115291235171280507, -8355587716107185071, 1, 0
 -650347853225236378, -1251727866817085058, -1902075720042321436, 1, 1
 8091285149239068006,  2489791947318280742, -7865666977152202868, 0, 0
 8413568011923058603, -2504741617389496377,  5908826394533562225, 1, 0
-3356525558748144082,  3488294172973297647,   131768614225153566, 1, 0
 4331216103208915539, -4777297480217461793,  -446081377008546255, 0, 1
-9178579073164851712,  5589711748847307847, -3588867324317543864, 0, 0
-7035734307538135191,  1604158165949599997, -5431576141588535195, 0, 1
 6459929100038585682, -7343039097780215511,  -883109997741629828, 0, 0
 4304498933459073413,     6997806394006572,  4311496739853079986, 0, 0
 8011060326434184096, -7007373322657596118,  1003687003776587978, 1, 1
 -149968111974628319,  5656660961784272588,  5506692849809644270, 1, 1
 4034162666294108634,  -588159868884999281,  3446002797409109354, 1, 0
-6340906917976228487, -6074242099699495548,  6031595056033827582, 1, 1
-5656165569999374638,  8254635549959090921,  2598469979959716284, 1, 0
-7026576379918423015,  8993436803488274546,  1966860423569851532, 1, 1
 8493886159588140836,  8753089368433458563, -1199768545687952216, 0, 0
 6555949487326478520,   593078217709202067,  7149027705035680588, 0, 1
 1801970937331642652,  3897563671539843950,  5699534608871486602, 0, 0
  857065949864415653, -3740051360959467540, -2882985411095051886, 0, 1
 8040523269034624782,  1216996793789582852, -9189224010885343982, 0, 0
-2110820555563298408,  3134389354908589215,  1023568799345290808, 1, 0
-6780316773731684271,  1854186173347324448, -4926130600384359822, 0, 0
-5321622550743063567,  -900652589373201000, -6222275140116264566, 1, 0
 8317478680549628802, -4869682116258030005,  3447796564291598798, 1, 1
 4585056589967931512, -1698127403801271028,  2886929186166660484, 1, 1
-4776230033175477615,  5095964021964683241,   319733988789205625, 1, 0
-8469913670993418689, -3347902451371233885,  6628927951344899041, 1, 1
 5350407008264303272, -2471683660182143677,  2878723348082159596, 1, 1
-6765112617475304941,  5062088773604603011, -1703023843870701931, 0, 0
-6034977774239197206,    -2639112711632208, -6037616886950829414, 1, 0
-3712169382773618294,  1702473287114919553, -2009696095658698740, 0, 1
-8705043045874496624,  6249105084425509726, -2455937961448986898, 0, 0
 5029553776964783071, -8205637755288531206, -3176083978323748134, 0, 1
 2293458359368605186, -6664193977457024723, -4370735618088419536, 0, 0
-6513687724396847034,  -362915899597588943, -6876603623994435976, 1, 1
-2301773253335438673,  8765362993559799161,  6463589740224360487, 1, 0
  135947485410855383,  1275296518166572638,  1411244003577428022, 0, 1
 3917825424262420502,  -729205852476211496,  3188619571786209006, 1, 1
-3385661109695336833,  6666156466775539635,  3280495357080202801, 1, 0
-6340820627065720910, -4284361819171812308,  7821561627472018398, 1, 1
 6654634507970439917,  8631652466949945940, -3160457098789165758, 0, 1
  -86351464684370003,  7861354887795000990,  7775003423110630988, 1, 0
-8284282770155792821, -1340762047962426534,  8821699255591332262, 1, 1
 5943888392098911928,  1740236369849302932,  7684124761948214860, 0, 1
 6933423141572184943,   184254854261519596,  7117677995833704540, 0, 1
 2333977918171061849, -8747985733692284132, -6414007815521222282, 0, 0
 8305828801596010199,  8096061443495553436, -2044853828617987980, 0, 1
 9042245854639754478, -3274263351986865990,  5767982502652888488, 1, 0
-4715421500133149446,  8512483160977618295,  3797061660844468850, 1, 0
-6457176759075702768,  6596369584065467273,   139192824989764506, 1, 1
 8343803439961333529, -5975384429774817412,  2368419010186516118, 1, 1
 5534355883401750448, -4860596902790086424,   673758980611664024, 1, 0
 3258454872337022366, -5757232476640913770, -2498777604303891404, 0, 1
-6922040805390544352,  5713574058932965123, -1208466746457579228, 0, 0
-6315091746620141553,  2499321051830178810, -3815770694789962742, 0, 1
 2146763252199275954,  3871655627417008328,  6018418879616284282, 0, 1
-4061734593845697619, -7838753381608649011,  6546256098255204985, 1, 0
 3852314424523806204, -1893392696541270642,  1958921727982535562, 1, 0
-3902751588670726226, -6062978886660471067,  8481013598378354324, 1, 0
-8817654179804298061,  -972126085265179216,  8656963808640074340, 1, 0
 2000299678933242651, -6687018654465702244, -4686718975532459592, 0, 0
-3798880384891508555, -5532160491044192912,  9115703197773850150, 1, 0
 3191574271727039250,   864100556004810739,  4055674827731849990, 0, 1
-2542476092908840955,  4926483438617010151,  2384007345708169195, 1, 1
-8871567547332352816,  7010047985412161805, -1861519561920191010, 0, 0
 8845444003561321934, -6461968513746270283,  2383475489815051652, 1, 0
 8681010436700977392, -3933114469920703293,  4747895966780274100, 1, 0
 3818010063915537639,  2059071460825229897,  5877081524740767535, 0, 1
-1806269656066725163, -8234226342242216102,  8406248075400610352, 1, 0
 6445283910246707729, -3138930546637042650,  3306353363609665080, 1, 1
 9009238830759681473, -4807021844631389605,  4202216986128291867, 1, 0
-1772720584286786964,  3355628044428102056,  1582907460141315092, 1, 0
 8693563406365109188,  4149663763804149398, -5603516903540293030, 0, 1
 6250472244265097267,  1194649068495695476,  7445121312760792744, 0, 0
-5582791041528451758, -2635613830828753856, -8218404872357205614, 1, 1
 1286478731646223615,  8920318044565443645, -8239947297497884357, 0, 1
-2335898648626891640, -7826363312097294697,  8284482112985365280, 1, 0
-4703699012331208901,  1022634130463850067, -3681064881867358835, 0, 0
  221526320613347490, -9068627997701073716, -8847101677087726226, 0, 1
 2603527876463420386,  8109938576013563985, -7733277621232567244, 0, 1
 8225300361993749201,   405514086961075691,  8630814448954824891, 0, 1
 5407412202484855434,  1933164654681877958,  7340576857166733392, 0, 1
 7427684284140729446, -4300087896137491300,  3127596388003238146, 1, 0
 7617085063097743606,   871534725409330443,  8488619788507074050, 0, 1
-7478447821666815238, -7826313382928752706,  3141982869113983672, 1, 0
 5648435409514275112, -1920205535735052103,  3728229873779223010, 1, 1
 5269135444342655978,  7744325911378861079, -5433282717988034558, 0, 1
 3665308967997541376, -3578590856070603147,    86718111926938230, 1, 1
-6479876818575529269, -5571630390481619666,  6395236864652402682, 1, 1
 8913639656173103861,  2244272928880637597, -7288831488655810159, 0, 1
-2914981038679492868, -5564586901792628320, -8479567940472121188, 1, 0
 2824836913380102004, -8766103540212792541, -5941266626832690536, 0, 0
 5846533573578583676,  7116286164904294061, -5483924335226673878, 0, 1
-3774459894354766662,   264417132352853433, -3510042762001913228, 0, 1
 8085127689142036541, -4783469383099744581,  3301658306042291959, 1, 1
 3225388113534785790, -8010403725877540074, -4785015612342754284, 0, 1
-5645126874504086412,  3213624543324013716, -2431502331180072696, 0, 1
 4394434453492035424,  4596548051728315586,  8990982505220351010, 0, 1
-8442395293608344882, -3142495062333665225,  6861853717767541510, 1, 0
 2040424608467966505, -3745754111944943798, -1705329503476977292, 0, 0
 2403629153284792244,  6600871991585721262,  9004501144870513506, 0, 1
 5620813261852069259, -8303484699326957042, -2682671437474887782, 0, 0
-8184203259125156293, -2399741994988206622,  7862798819596188702, 1, 0
  476775499910913108, -4846641676243033159, -4369866176332120050, 0, 1
 3911866649975020205, -4328617366739886365,  -416750716764866161, 0, 1
-7543430739877304140, -8110289564049020836,  2793023769783226640, 1, 0
 7280298915361220247, -6310932202178438549,   969366713182781697, 1, 0
-4859863070465728110, -1384607991727521113, -6244471062193249222, 1, 0
-1264075689235889881,  6171494587219062478,  4907418897983172598, 1, 1
-3276752213009503362, -8702692812734026549,  6467299047966021706, 1, 0
-3865835064182025911,  8924031334902435178,  5058196270720409268, 1, 1
-7947014772879094944, -2083260657773301920,  8416468643057154752, 1, 1
-2530726748016649626, -3344913852617892116, -5875640600634541742, 1, 0
-6072325146991891271,  7344062752447046999,  1271737605455155727, 1, 0
-1881828615779527153, -2698362937042404585, -4580191552821931739, 1, 1
 -818569030924571564,   664090329916573620,  -154478701007997944, 0, 1
 3546696543644757031,  1004762216856333793,  4551458760501090823, 0, 1
 -955806320459699922,  2998773216155370727,  2042966895695670806, 1, 0
 8667870030772866796, -6176622140420521889,  2491247890352344908, 1, 0
-3002596817949790218, -6512074220689322678,  8932073035070438720, 1, 0
 4673445873018820137, -3563246541747050128,  1110199331271770010, 1, 1
-4256276977054378131, -2683592657606895160, -6939869634661273290, 1, 0
-2627796886901723676, -3931799913425672386, -6559596800327396062, 1, 0
-8883301795551580386,  -892094303574161406,  8671347974583809824, 1, 1
  671193082135255278, -1831724870521664938, -1160531788386409660, 0, 1
 4918011965676848001,   120488314719630683,  5038500280396478683, 0, 0
 1120294157861489324,  5060897469820099834,  6181191627681589158, 0, 1
 8110439193414855071, -4655919131134664771,  3454520062280190299, 1, 0
 8158285613393827678, -3687499074227118815,  4470786539166708864, 1, 1
 6701463999690318216, -2294444897194838689,  4407019102495479528, 1, 1
-8184103843055078809, -7165381760252201630,  3097258470402271178, 1, 1
 2014246473658302738, -3265716075998056767, -1251469602339754028, 0, 0
 1565875081886578375,  2636999868483870953,  4202874950370449327, 0, 1
 6303084787722334955,  2679782582529838956,  8982867370252173912, 0, 1
 4556867486542470328, -4191124804736556104,   365742681805914224, 1, 0
-2515157993052333826,  7600263886192521676,  5085105893140187850, 1, 0
-3108185468858852085,  -942424495955610927, -4050609964814463013, 1, 1
-8444393114086798582, -5976001838609574441,  4026349121013178594, 1, 1
-8621173582794329215, -1718867069814322387,  8106703421100900013, 1, 1
 3180886746062941582,  8942354955642713003, -6323502372003897030, 0, 1
 2656307835042104263, -5950138324654037501, -3293830489611933239, 0, 0
-7589950408558283838, -1642620010659854690,  9214173654491413088, 1, 0
-4513167479626853784, -3921971047044787856, -8435138526671641640, 1, 1
 -386264364176222637, -1990181519598550773, -2376445883774773411, 1, 1
 4291366351626937070, -3099598573668567592,  1191767777958369478, 1, 0
  682399635241269364,  2568457296439209466,  3250856931680478830, 0, 1
 3291060271500914736, -6484894630511520505, -3193834359010605768, 0, 0
-6218459058794809565,  3479470317867366428, -2738988740927443136, 0, 0
-3825962005157280510,  7629870895681513356,  3803908890524232846, 1, 1
-3073211819853624231,  6297516913852021514,  3224305093998397284, 1, 1
 5406055594701758704,  7821451525476900962, -5219236953530891950, 0, 1
-4957614630230187624,  8414280879110316540,  3456666248880128916, 1, 0
 7384005035857207052, -6004558698365535946,  1379446337491671106, 1, 1
  527598053698037637,   560750913630098620,  1088348967328136258, 0, 1
 6934318676579836766,  -770061046890700591,  6164257629689136176, 1, 0
 8580368801265712150, -9154034617326881528,  -573665816061169378, 0, 0
  971414515890299702,  3352071459610398210,  4323485975500697912, 0, 0
-2397235868451033504, -5838930401611698661, -8236166270062732164, 1, 1
 8733633513794131580,  2554780245811100651, -7158330314104319384, 0, 1
 6506951156481937658, -5383520875704775974,  1123430280777161684, 1, 0
 -833785339318089305,   482375421299610335,  -351409918018478971, 0, 1
 -183276798598995893,  6092421285561864235,  5909144486962868341, 1, 1
 5161312971014538908, -6756358562559160162, -1595045591544621254, 0, 1
 4143612660497002893,  7564334839649471936, -6738796573563076786, 0, 1
 6596549711727760113,  3699740822200471067, -8150453539781320437, 0, 1
-7051191807706927123, -4191967670633012903,  7203584595369611589, 1, 0
 6094947670178393887,  6387802350436752544, -5963994053094405184, 0, 0
 7751058617616963833,  5303179114334949532, -5392506341757638250, 0, 1
 9090748793357552486, -5591623913352080834,  3499124880005471652, 1, 1
 2955632353434963356, -2026947908454003688,   928684444980959668, 1, 1
 5629927236064746771,  3702262460670809808, -9114554376973995036, 0, 0
 8623802675681212330,  -282854805882528555,  8340947869798683776, 1, 0
-1594012350379521551, -8419349307524302221,  8433382415805727843, 1, 0
 4155476075126083224,     -942407927874672,  4154533667198208552, 1, 0
-4543419734089236105, -7777487071696429114,  6125837267923886398, 1, 0
 8226238535159384540, -6697530553640899272,  1528707981518485268, 1, 0
-2923507054760850821, -6935874503927689569,  8587362515021011225, 1, 0
-6145717199590563563, -7578473078368512650,  4722553795750475404, 1, 1
  718768753143208802, -4500722301916392010, -3781953548773183208, 0, 1
  846683107914071167, -6305569028175192672, -5458885920261121504, 0, 1
-1874177196043699649,  1134744780511356027,  -739432415532343623, 0, 0
-4049740224756722271, -4591521175281033345, -8641261400037755617, 1, 0
-9029651167928076594,   582462757004215468, -8447188410923861126, 0, 1
 1836743945635871432, -6686966105349797094, -4850222159713925662, 0, 0
 3245822879395729737, -8055879583975649886, -4810056704579920148, 0, 0
-3817025793818948329,  6838456462037737742,  3021430668218789414, 1, 1
-2157121273210247998,  8296304405450498645,  6139183132240250648, 1, 0
 1748351954115989507,  3304520235116299551,  5052872189232289057, 0, 0
 1161418096130235348, -7639482687311991267, -6478064591181755918, 0, 0
-8300891963943693873,  7276377954074410654, -1024514009869283218, 0, 1
-8123127662983794232, -1322163830127478741,  9001452580598278644, 1, 1
-3478747526507149405, -3746897906977754157, -7225645433484903563, 1, 0
-2786679225027643097,  7299399861943235082,  4512720636915591986, 1, 1
-7020892249211892690, -1212358974979562680, -8233251224191455370, 1, 1
 6100865385405252760,  2357047284314947701,  8457912669720200462, 0, 1
 6415998306911286279,  2135944322685001663,  8551942629596287941, 0, 0
-2216274628564604961, -9039361460003374353,  7191107985141572301, 1, 0
 -195349636612454756, -3637088304930198336, -3832437941542653092, 1, 0
-4756070186003321140, -1827200295004299727, -6583270481007620866, 1, 1
-5747916621303821512,  5399585148706552361,  -348331472597269150, 0, 0
 9138876630020774175,  2753449432911047231, -6554418010777730211, 0, 0
-6892161087236908712, -7852587821577525704,  3701995164895117200, 1, 1
 1058241618622364700,  2134190020689704805,  3192431639312069506, 0, 0
 4834388363920321264, -5926451455245703953, -1092063091325382688, 0, 1
 8180895290912051654,  1899236512230367930, -8366612270567132032, 0, 1
 9068000165000658357, -7702280721760453352,  1365719443240205006, 1, 1
-9162377954293884907,  3758199262060734881, -5404178692233150027, 0, 0
 8060059121089389200, -6700437061532781062,  1359622059556608138, 1, 0
 6288055369790895076,  3330202104324036763, -8828486599594619776, 0, 1
-8547031645487667581,  2205498302596829989, -6341533342890837593, 0, 0
-6797707748271016561,   997914445667412329, -5799793302603604233, 0, 0
  345031313453332860, -3025487350629888352, -2680456037176555492, 0, 1
 3085834908709476451,  3347744403309851134,  6433579312019327586, 0, 1
 4810780591521797761,  8739201063002623457, -4896762419185130399, 0, 1
-7016380277995124030,  5406008028094106637, -1610372249901017392, 0, 0
-2408621924097442865,  8349805584016050624,  5941183659918607760, 1, 0
-2483275278490753485, -6465057510677709845, -8948332789168463331, 1, 0
-2234845793178346454, -1006655144786504966, -3241500937964851420, 1, 0
 2406623827391892756, -5050718725059955111, -2644094897668062354, 0, 0
-2098787104809737235, -5718877871009420214, -7817664975819157448, 1, 0
-3651848232179750720, -8147220605306452285,  6647675236223348612, 1, 0
-2718904862854239299,  6498906896546012967,  3780002033691773667, 1, 1
 4700250122219166165, -7002231586945497677, -2301981464726331513, 0, 1
  224892719039855821, -3248926629264998204, -3024033910225142382, 0, 1
-2472848956102345619,  1162445213492607362, -1310403742609738256, 0, 0
 8615091973926745876, -5346425258890423556,  3268666715036322320, 1, 0
 3971429073107417323,  3119359367511848317,  7090788440619265639, 0, 1
-2635903582352074395, -4197739605299044885, -6833643187651119281, 1, 0
  968284810550068923, -6970344106666976468, -6002059296116907544, 0, 0
 -397566280808067617,   320276304813504544,   -77289975994563072, 0, 1
 6222719457731924551, -5443987992787818916,   778731464944105636, 1, 1
 8996959303770154717,  2202535790669742925, -7247248979269653975, 0, 1
-4518538434628558179,  -753560290115523302, -5272098724744081480, 1, 1
-8981316720151875756,  7559516540920142727, -1421800179231733028, 0, 0
 1950674812389868725,  8361307801367762848, -8134761459951920042, 0, 1
-1721129064253531821, -6369777938184512596, -8090907002438044416, 1, 0
-3625804098905544618, -5382983470987149636, -9008787569892694254, 1, 0
 -352937870078893318, -8044750659073249471, -8397688529152142788, 1, 0
 6657146787069892874, -3770371931435036964,  2886774855634855910, 1, 1
-5117958209645314063,  5638565338712617920,   520607129067303858, 1, 0
 1790946478327042575,  4009815765265815049,  5800762243592857623, 0, 0
 2623573435589592786, -4063699893818428895, -1440126458228836108, 0, 0
 -288826198686315955, -8677249084948046424, -8966075283634362378, 1, 1
  533441427572698758, -1050035161663563188,  -516593734090864430, 0, 0
 3159959540599839619,  2934952626961057547,  6094912167560897165, 0, 0
  209342588066663696,  -153604255994961906,    55738332071701790, 1, 1
-4985554425961020117, -4947495010428652066,  8513694637319879434, 1, 0
-4193825429736500083, -7926391111558027904,  6326527532415023630, 1, 0
-2323533652716274433,  2147598975285705066,  -175934677430569366, 0, 1
  838336616582308408, -1760092173766093520,  -921755557183785112, 0, 0
 5273390322895214352,  7640210390228003506, -5533143360586333758, 0, 0
-4867643730547242520,   415489069122833708, -4452154661424408812, 0, 1
-7720133523843638244,  4374239306039125422, -3345894217804512822, 0, 0
-5679095241553023363, -8938596440424676585,  3829052391731851667, 1, 1
-3473114208430107074, -6554614594105717699,  8419015271173726844, 1, 1
-5433842713593765975, -6268582633124258021,  6744318726991527619, 1, 1
-4749827866264157402, -5776102415207365630,  7920813792238028584, 1, 1
-2542425478463113766,  5509718735691311360,  2967293257228197594, 1, 1
  825643211454431643,  7261187850683763122,  8086831062138194766, 0, 1
-1468302767427008423,  2877185596176811191,  1408882828749802767, 1, 0
   77466458426838980,  7427355452998418433,  7504821911425257414, 0, 0
 7214761631518855020,  -628908717930043094,  6585852913588811926, 1, 1
 2752119080380880475,  5202604719044285369,  7954723799425165843, 0, 1
 5104946191974655643, -9056993161546358110, -3952046969571702466, 0, 1
 3398800424525249950, -7742521090186675228, -4343720665661425278, 0, 1
-8280768920628764053,   782003863996966897, -7498765056631797157, 0, 1
-5757579735000637424, -1440444511496051253, -7198024246496688676, 1, 1
 6426851156231796164,   555497632592760824,  6982348788824556988, 0, 1
 5356389496433435212,  2890910525545030119,  8247300021978465332, 0, 1
-3302397601812713624, -5595709790624287679, -8898107392437001302, 1, 1
 2541020333984711106,  -535734596169881641,  2005285737814829466, 1, 0
-3249142192631932594,   743105152333787146, -2506037040298145448, 0, 0
 5132845077250273080,  2412510629830672400,  7545355707080945480, 0, 0
-1831784481228827932,   292083905101754646, -1539700576127073286, 0, 0
 1247175032471374610,  1029983393733845446,  2277158426205220056, 0, 0
-3172189026456945980, -7894725379614942912,  7379829667637662724, 1, 0
-8842218448166830244,  2864420748528931891, -5977797699637898352, 0, 0
 2288796751368976070, -8820374852839363021, -6531578101470386950, 0, 0
-3672552864630790522,   638608567159839148, -3033944297470951374, 0, 1
 -546217660709293299,  4526218524018067036,  3980000863308773738, 1, 1
-8275410623837294051,  -314548362085814730, -8589958985923108780, 1, 1
-1053894234665425991, -2943098146257508702, -3996992380922934692, 1, 0
-1105083006195194326, -5869033999338160357, -6974117005533354682, 1, 1
  -51027553302922749,  1202676778649047354,  1151649225346124606, 1, 1
-7312996581380996580, -4104925026809896879,  7028822465518658158, 1, 1
  191759815886965563, -3406404885814441062, -3214645069927475498, 0, 0
-1414404065311771089, -3702248355880983400, -5116652421192754488, 1, 1
 5361951801364729294,  7875281243780215014, -5209511028564607308, 0, 1
 7806330156367925995, -3136973419043273952,  4669356737324652044, 1, 0
-6095241028324783344,  2822027887131234536, -3273213141193548808, 0, 0
-9095017386696782986, -1901526427668505526,  7450200259344263104, 1, 1
 8499984743854123202, -8692925436407202838,  -192940692553079636, 0, 1
-8246406936366384025,  3742541699607072518, -4503865236759311506, 0, 0
-1592644300972322132,  8509703077882304616,  6917058776909982484, 1, 0
-7549799940764559970,  5417241296288074450, -2132558644476485520, 0, 1
 -830478998237650662, -8396017176295884352,  9220247899176016602, 1, 1
 7001211035816942544, -8069229967036268050, -1068018931219325506, 0, 1
 8518361870394936115,  2962566627123505654, -6965815576191109846, 0, 1
-7912250258896069098, -1510760526515615807,  9023733288297866712, 1, 1
-3291118028819853866, -5146698104848338939, -8437816133668192804, 1, 1
-5907441254228039330, -4691048015157553652,  7848254804323958634, 1, 1
 4017776083546782734,  5874138931657612609, -8554829058505156272, 0, 0
-5744076439777312233, -3511428239926675115,  9191239394005564267, 1, 1
 8278028390967112152,  1690138884875289213, -8478576797867150250, 0, 1
 4241894684584771576, -2031555304916776015,  2210339379667995562, 1, 0
-9083158856592762000,  -994807160166208114,  8368778056950581502, 1, 1
-4299150514137826495,  1561756023000781128, -2737394491137045366, 0, 0
 1605153659843328896,  8923089418506877685, -7918500995359345034, 0, 1
 5965442865129959054, -3745637708034786926,  2219805157095172128, 1, 0
-2481132127946914846, -6186459711811479188, -8667591839758394034, 1, 0
-3987388073737486180,   -47310517763024454, -4034698591500510634, 1, 0
 2055868983811428878, -5437129661355210925, -3381260677543782046, 0, 0
 2270948256434230714,   883367512064541310,  3154315768498772024, 0, 1
 6120346650046881371, -3908713823064450994,  2211632826982430378, 1, 1
-7541759355763014811,  5451859364589988636, -2089899991173026174, 0, 0
  412613155686850161, -2663173500824280339, -2250560345137430179, 0, 1
 8982393460914858480, -5038207242260564535,  3944186218654293946, 1, 0
-8539381275129743847, -3802868961891575893,  6104493836688231875, 1, 1
 7227433061762348724,  8960840469624020549, -2258470542323182342, 0, 0
-5905871429810052858,  5572255361320382875,  -333616068489669982, 0, 0
 7298000439015835361, -1263930950442027698,  6034069488573807664, 1, 0
-4958088341069893208,  8217015917502916771,  3258927576433023564, 1, 0
 3469671571612101218, -2007004514823644990,  1462667056788456228, 1, 0
-1873091349842506594,  -258143845702580886, -2131235195545087480, 1, 0
-8108270119505144984, -5914908730017353734,  4423565224187052898, 1, 0
 2736726847130018680, -8269661611419680654, -5532934764289661974, 0, 0
-1500039205674644625,   114945838158034405, -1385093367516610221, 0, 1
 4493267920649267303, -5229614891847129769,  -736346971197862467, 0, 0
 8041617476599933419,  5656400338486480848, -4748726258623137348, 0, 1
 5221047907427084731, -9132738363045073317, -3911690455617988587, 0, 1
 2950777657168263608,  1778875774099078144,  4729653431267341752, 0, 0
-8368765064473157925,  -182774940122464321, -8551540004595622247, 1, 0
  519666694649558817, -1464185483970842651,  -944518789321283835, 0, 1
 3656884975470451302, -2310342584465107390,  1346542391005343912, 1, 1
-1672738589278186894,  2882286022520441881,  1209547433242254988, 1, 1
 -824337824236144962,  2805718508073736361,  1981380683837591400, 1, 0
 7703293863662788158,  7755474188606652684, -2987976021440110774, 0, 0
-5074737823601292771, -5527250211667960358,  7844756038440298488, 1, 1
 9058625699660518660,  6236550270475849814, -3151568103573183142, 0, 0
-1207090886735204950,  5914159450298426630,  4707068563563221680, 1, 1
 7942848615349404883,  9006709560396330841, -1497185897963815893, 0, 1
-3596309370045599339,  2291869529673509023, -1304439840372090317, 0, 1
 9212495820271061131,  8746140484609937075,  -488107768828553411, 0, 1
-5648951453671261704,  8951562527031038150,  3302611073359776446, 1, 0
  107172631289458091,  -864920298445086098,  -757747667155628006, 0, 1
-2157989791405626465, -8194739096879463357,  8094015185424461793, 1, 1
 2197540833410694993, -8713847041047459705, -6516306207636764713, 0, 0
 4228870837754928464,  8236013276882214124, -5981859959072409028, 0, 1
 8850292333451204597,  1047514307267068499, -8548937432991278521, 0, 1
-6294246393611422797, -6089193076354782024,  6063304603743346796, 1, 0
 9100517127911213974,  4731740845251332208, -4614486100547005434, 0, 1
-7864014048522408092,  7331544679458096710,  -532469369064311382, 0, 0
-4153905693968867391,  3804024588021470455,  -349881105947396937, 0, 1
 2239490868357687231,  5810275572610698972,  8049766440968386204, 0, 1
-3356271628708481565, -4042965131472383108, -7399236760180864672, 1, 0
  194573979460193205, -3231521574047068912, -3036947594586875706, 0, 0
-3713738735954801687, -4565059332955294026, -8278798068910095712, 1, 0
 -697028727988407010, -3745920202650043111, -4442948930638450120, 1, 1
-5192243103131210586, -1888514347883462468, -7080757451014673054, 1, 0
 8225657571293247393, -2186638032012558685,  6039019539280688707, 1, 0
-7032544113453174530, -1527772819691394206, -8560316933144568736, 1, 0
-1203197445546142298,  4077850855182513987,  2874653409636371690, 1, 1
-7508857328583095320,  7239733236149166446,  -269124092433928874, 0, 1
-8018901189445789987,  3631735506077857165, -4387165683367932823, 0, 1
 2334820932150086865,  5434447514122297233,  7769268446272384097, 0, 1
-2181394218717855242,  2204083037587046228,    22688818869190986, 1, 0
 8700569627852014120, -7281808023964204695,  1418761603887809426, 1, 1
  102982341591132423,  7038224449669755112,  7141206791260887536, 0, 0
 6232257259655542959,  6516455225215342289, -5698031588838666369, 0, 1
 3448924076159565276, -2544300127404711313,   904623948754853964, 1, 0
-6762172233876023992, -8088081832152498050,  3596490007681029574, 1, 1
 4687315919463630667, -1653726355665356686,  3033589563798273982, 1, 1
-4658369687294119663,  6969440785549791775,  2311071098255672111, 1, 1
 1254967729382927147,  8823684041337767958, -8368092302988856510, 0, 0
 4833978140635058902,  1121532467048439898,  5955510607683498800, 0, 1
-8352498990667805912, -3722845922483686525,  6371399160558059180, 1, 1
 4945567939879286640, -6632536584944976787, -1686968645065690146, 0, 0
-4832045074451679301,  2088867650733565903, -2743177423718113399, 0, 1
 3077989509400455598,  5780075913310678801,  8858065422711134400, 0, 0
 6516003823264174344, -1952313157950082940,  4563690665314091404, 1, 1
-2954457048260547301,  -363705043578510228, -3318162091839057528, 1, 1
 1445578430015965204, -1347047075453292105,    98531354562673100, 1, 1
 2792883522389701046, -4423396738254726454, -1630513215865025408, 0, 1
-9126000004598227881,   -94297809915884363, -9220297814514112245, 1, 0
 8035554086145678624,  4630458042348146717, -5780731945215726274, 0, 0
 -216598498611242959, -1731892343270218285, -1948490841881461245, 1, 0
-3076825322432085616, -8200077805537157991,  7169840945740308010, 1, 0
 5550046711277185365, -1410484636833255511,  4139562074443929853, 1, 1
-7094471058877852545,  8050918791320235505,   956447732442382959, 1, 0
 5318593080033274024, -4079760893384353008,  1238832186648921016, 1, 1
-6179518653581464676,  -921180602515140485, -7100699256096605160, 1, 0
-4226855307189332259,  8303285674233396027,  4076430367044063767, 1, 0
 3354594208574198689,  4192702460709452362,  7547296669283651052, 0, 0
 5466188160894014601, -4419626586448574573,  1046561574445440027, 1, 0
-8794359308036076993, -4923578970391083196,  4728805795282391428, 1, 1
-8681033922602764745, -7068862352871540809,  2696847798235246061, 1, 1
-3842384811408212277, -6719193382685102598,  7885165879616236742, 1, 0
 8839802231967662385,  7117867216095395754, -2489074625646493476, 0, 0
 3861343176854313171,  6613233033935551898, -7972167862919686546, 0, 1
-2224666440069498143,  1812662850069117618,  -412003590000380524, 0, 1
-2135185052497565417, -8459470301731368717,  7852088719480617481, 1, 0
-8037019423170012092,  2753035525738011601, -5283983897432000490, 0, 1
-8626182822230141056, -8099873652704512978,  1720687598774897582, 1, 1
  302347921032344884, -4553330996911653250, -4250983075879308366, 0, 0
 2824355679280666944,  2987525080934473130,  5811880760215140074, 0, 0
 2681777923586821583,  3732186579441772083,  6413964503028593665, 0, 1
-3894694240112822505, -4520984092174235105, -8415678332287057611, 1, 1
  -45541682473382579,  -782854773057417467,  -828396455530800047, 1, 1
 6639795317314200348,  -755175132354670826,  5884620184959529522, 1, 1
  691982178372021386,  7757264616208460770,  8449246794580482156, 0, 1
 7530799522014070601, -4578505155661293729,  2952294366352776871, 1, 1
-6454349407119862352,  7375941960865836125,   921592553745973774, 1, 0
 5482929734452080381, -6025949984396868311,  -543020249944787931, 0, 1
 5823361321139593712, -8205684115910581476, -2382322794770987764, 0, 1
 4280580532489573897, -6805474626059790533, -2524894093570216637, 0, 0
 3177404798633713760,  4215578348360623685,  7392983146994337446, 0, 0
 -604222494886748550,   576251962049616845,   -27970532837131704, 0, 1
-8267440842177560062,   424436341075076982, -7843004501102483080, 0, 0
 3175012040579255074, -7225758947260999111, -4050746906681744036, 0, 0
 1505557930269282400, -2895598026137118899, -1390040095867836498, 0, 0
 -166982770860217083,  8676226471406281264,  8509243700546064182, 1, 1
-7378749467300822294,  4906161565089020293, -2472587902211802000, 0, 1
-6822600187324566912,  7889342371621119421,  1066742184296552510, 1, 0
 4274907136413944981,  1507260929661647652,  5782168066075592634, 0, 0
-2214053884897213384,  8170583454861276208,  5956529569964062824, 1, 1
-4725796690476559400,  2969135611088035399, -1756661079388524000, 0, 1
 8316263860220898791, -3014338592136057198,  5301925268084841594, 1, 0
 4284892523382830757, -1807459522266868752,  2477433001115962006, 1, 0
-1302782155158788690,   192396333992311207, -1110385821166477482, 0, 1
-7022401715979190160, -3463658440114852185,  7960683917615509272, 1, 0
 5966295235929978613, -1095136573795701540,  4871158662134277074, 1, 0
-5872001234569574657,  -111604197984482815, -5983605432554057473, 1, 1
-2248755758720050032,  -171772313856205968, -2420528072576256000, 1, 0
-6882952165513303034,   276075036519763285, -6606877128993539748, 0, 0
-3909761893188924766,  1011509067942964268, -2898252825245960498, 0, 0
-5928253498183157585,  6953445346047119162,  1025191847863961578, 1, 1
-6680677227325449295, -7056855291162597129,  4709211555221505191, 1, 0
 -110732497011965580,  5535418334793347005,  5424685837781381426, 1, 0
 8030308805865963147,   858557863670158344,  8888866669536121492, 0, 0
 4713176582910893621,  8054320737387908447, -5679246753410749549, 0, 0
-1972334562561986849, -3986771122439886849, -5959105685001873699, 1, 0
 7020741068183946638,  -909317778415806434,  6111423289768140204, 1, 1
-8680589500505928044,  7300759988069400423, -1379829512436527620, 0, 0
 7374905641341726164,  6114627122346629528, -4957211310021195924, 0, 1
-8977307467630897928,  6742985852642927966, -2234321614987969962, 0, 1
 -458939370153904112, -8577068242281396091, -9036007612435300202, 1, 1
-5980749831490983391, -7604593242072416693,  4861401000146151531, 1, 1
 1719406375501089926,  2068543455421053301,  3787949830922143228, 0, 0
 1193380431599843543, -5498680729692198208, -4305300298092354664, 0, 1
-2177932476007049868, -6473893140009357617, -8651825616016407484, 1, 0
 6256967896733960467, -2695997061811609363,  3560970834922351103, 1, 1
  441134814233328884,  -915857314378017012,  -474722500144688128, 0, 1
-7388038605612941971,   163934316778047718, -7224104288834894252, 0, 1
-7383210644626398980, -9087294177089479059,  1976239251993673578, 1, 0
-7459683870880179560, -5370011227721056053,  5617048975108316004, 1, 0
 6114236316989688825,  2833849715446314758,  8948086032436003584, 0, 1
 6210435214893415236,  6828551967493249087, -5407756891322887292, 0, 0
-5072500655193616105,  -440407376238924695, -5512908031432540801, 1, 1
 4172824153155535976,  5225380586295990694, -9048539334258024946, 0, 1
  893147053412715824, -1394497817599675986,  -501350764186960162, 0, 0
 2897430389442985133, -5844060344028082915, -2946629954585097783, 0, 0
 6246496182906832627, -1714752736666615777,  4531743446240216849, 1, 0
  258363907008850362, -5343067923881493991, -5084704016872643628, 0, 0
-2755054595179788025,   669963914226713103, -2085090680953074923, 0, 0
-3220237911566750251,  1530680250441555107, -1689557661125195145, 0, 1
 2618243538736035941,  1441111373721703936,  4059354912457739878, 0, 0
